source,target,label,category
Alite,Hydration,undergoes,Transformation
Belite,Hydration,undergoes,Transformation
Hydration,CSH_Gel,produces,Transformation
Hydration,Calcium_Hydroxide,produces,Transformation
Water_Cement_Ratio,Capillary_Porosity,dictates,Systemic Structure
Water_Cement_Ratio,Hydration,enables,Systemic Structure
Capillary_Porosity,Carbonation,facilitates,Ecological
Capillary_Porosity,Chloride_Ingress,facilitates,Ecological
Carbonation,Passive_Oxide_Layer,destroys,Ecological
Chloride_Ingress,Passive_Oxide_Layer,punctures,Ecological
ITZ,Capillary_Porosity,increases locally,Systemic Structure
Drying_Shrinkage,Capillary_Porosity,caused by,Systemic Structure
Creep,CSH_Gel,deforms,Systemic Structure
SCMs,Calcium_Hydroxide,consumes,Transformation
SCMs,CSH_Gel,produces secondary,Transformation
RCA,ITZ,creates double,Systemic Structure
RCA,Carbonation,sequesters via,Ecological
Superplasticizers,Water_Cement_Ratio,reduces,Technical
ASR,Concrete,damages,Systemic Structure
LC3,Portland_Cement,replaces clinker in,Technical
DEF,CSH_Gel,fractures,Technical
Geopolymers,Portland_Cement,acts as alternative to,Technical
Raw_materials,Water_Cement_Ratio,undergoes,Transformation
Raw_materials,Hydration,undergoes,Transformation
Processing,Step_1_Quarring,starts with,Technical
Step_1_Quarring,Step_2_Crushing,is followed by,Technical
Step_2_Crushing,Step_3_Grinding_&_mixing,is followed by,Technical
Step_3_Grinding_&_mixing,Step_4_Preheating,is followed by,Technical
Step_4_Preheating,Step_5_Calcination_&_clinker,is followed by,Technical
Step_5_Calcination_&_clinker,Step_6_Cooling_the_clinker,is followed by,Technical
Step_6_Cooling_the_clinker,Step_7_Final_grinding,is followed by,Technical
Step_7_Final_grinding,Step_8_Making_concrete,is followed by,Technical
Step_8_Making_concrete,Step_9_Forming,is followed by,Technical
Construction_cement,Different_types,consists of,Technical
Formability,Step_9_Forming,is linked to,Technical
waste_streams,SCMs,are called,Technical
reducing_waste,RCA,can be caused by,Technical
waste_streams,RCA,consists of,Technical
end_of_life,RCA,caused by,Technical
scale_problem,carbon_footprint,drives,Systematic Structure
scale_problem,raw_material_extraction,demands,Systematic Structure
scale_problem,water_consumption,strains,Systematic Structure
carbon_footprint,end_of_life,spans,Ecological
raw_material_extraction,habitat_destruction,triggers,Ecological
raw_material_extraction,physical_pollution,causes,Ecological
habitat_destruction,ecosystems_biodiversity,disrupts,Ecological
water_consumption,climate_challenge,threatens,Ecological
urban_environment,climate_challenge,amplifies,Ecological
end_of_life,recovery,requires,Transformation
recovery,reuse,enables,Transformation
recovery,recycling,enables,Transformation
recycling,waste_streams,reprocesses,Technical
waste_streams,SCMs,supplies,Transformation
clinker_reduction,SCMs,incorporates,Technical
SCMs,carbon_footprint,reduces,Technical
modernising_kilns,carbon_footprint,lowers,Technical
Geopolymers,clinker_reduction,replace,Transformation
Carbonation,carbon_footprint,sequesters,Scientific
Geopolymers,carbon_footprint,reduce,Technical
recovery,raw_material_extraction,reduces,Transformation
end_of_life,waste_streams,produces,Ecological
carbon_footprint,climate_challenge,contributes to,Systematic Structure
end_of_life,Carbonation,enables,Technical
recycling,raw_material_extraction,reduces,Technical
Surface_Finish,Tactile_Qualities,determines,Sensory
Reflectivity,Architectural_Atmosphere,influences,Sensory
Sound_Reflection,Spatial_Perception,shapes,Sensory
Formwork,Surface_Finish,determines,Technical
Exposed_Aggregate,Surface_Finish,creates,Technical
Thermal_Mass,Indoor_Environmental_Quality,supports,Systematic Structure
Environmental_Exposure,Biological_Growth,encourages,Ecological
Biological_Growth,Material_Health,affects,Scientific
Environmental_Exposure,Patina,produces,Transformation
Efflorescence,Discolouration,causes,Transformation
Wear_and_Abrasion,Concrete_Ageing,contributes to,Transformation
Material_Health,Indoor_Environmental_Quality,affects,Scientific
Colour_Variation,Material_Experience,influences,Sensory
Opacity,Visual_Weight,increases,Sensory
Visual_Weight,Monumentality,reinforces,Sensory
Material_Transformation,Surface_Finish,changes,Transformation
opus_caementicium_/_Roman_concrete,Early_Lime-Based_Binders,exemplifies,example
Greek_Pozzolanic_mortar,Early_Lime-Based_Binders,exemplifies,example
Non-hydraulic_lime_mortar,Early_Lime-Based_Binders,exemplifies,example
Greek_Pozzolanic_mortar,opus_caementicium_/_Roman_concrete,contributes to,material development
Decline_of_cementious_knowledge,opus_caementicium_/_Roman_concrete,interrupts,knowledge development
increased_demand_for_lime_mortar,Non-hydraulic_lime_mortar,increases use of,material application
Pozzolanic_trass,Non-hydraulic_lime_mortar,improves,material properties
Sir_Henry_Shere,Pozzolanic_trass,experiments with,material research
John_Smeaton,From_Hydraulic_Lime_to_Portland_Cement,advances,scientific development
Louis_Joseph_Vicat,From_Hydraulic_Lime_to_Portland_Cement,systematises,scientific development
Louis_Joseph_Vicat,Proto-portland_ara,contributes to,material development
Roman_Cement''_/_Natural_cement,From_Hydraulic_Lime_to_Portland_Cement,exemplifies,transitional material
Proto-portland_ara,From_Hydraulic_Lime_to_Portland_Cement,exemplifies,transitional material
Portland_Cement,From_Hydraulic_Lime_to_Portland_Cement,emerges from,material development
Meso-Portland_Cement,Portland_Cement,develops,material development
Isaac_Charles_Johnson,Meso-Portland_Cement,improves,material development
Isaac_Charles_Johnson,Portland_Cement,develops,material development
International_expansion,Portland_Cement,disseminates,industrial development
Industrialisation,Portland_Cement,industrialises,industrial development
Portland_blastfurnace_slag_cement,Specialisation_of_portland_cements,exemplifies,cement specialisation
‘ciment_fondu’,Specialisation_of_portland_cements,exemplifies,cement specialisation
Fly-ash,Specialisation_of_portland_cements,exemplifies,supplementary cementitious material
water-cement_ratio_(w/c_ratio)_,Portland_Cement,determines,material performance
Henri_Le_Chatelier,Portland_Cement,analyses,cement chemistry
Portland_cement_standarisation,Portland_Cement,standardises,standardisation
European_Cement_Standard,Portland_cement_standarisation,formalises,standardisation
Ball-_and_tube_mills,Industrialisation_and_the_Development_of_Portland_Cement,enables,industrial technology
Pulverised_coal,Industrialisation,enables,industrial technology
Rotary_kiln,Industrialisation,advances,industrial technology
Ball-_and_tube_mills,Portland_Cement,improves,manufacturing technology
Pulverised_coal,Portland_Cement,enables,manufacturing technology
Rotary_kiln,Portland_Cement,improves,manufacturing technology
vertical_roller_mills_,Industrialisation_and_the_Development_of_Portland_Cement,advances,industrial technology
dry-process_kilns_,Industrialisation_and_the_Development_of_Portland_Cement,advances,industrial technology
vertical_roller_mills_,Ball-_and_tube_mills,develops from,milling technology
dry-process_kilns_,Rotary_kiln,develops from,kiln technology
Specialisation_of_portland_cements,Portland_Cement,diversifies,cement development
Alternative_(non-portland)cements,Portland_Cement,substitutes for,material development
Alternative_(non-portland)cements,Specialisation_of_portland_cements,extends,cement development