id,title,domain1,domain2,domain3,Section,meta,desc,img,year
Water_Cement_Ratio,Water-to-Cement (w/c) Ratio,Scientific,Technical,,The Geography and Production of Cement/concrete,Mix Design Variable,"Determines capillary porosity, compressive strength, and permeability. A 0.38 ratio is required for complete hydration, combining 0.22 for chemical binding and 0.16 for gel water. Practical architectural applications use ratios of 0.45 to 0.65 to ensure formwork workability. Excess water evaporates, leaving an interconnected pore network that reduces thermal conductivity but increases moisture and weathering agent penetration.",,
Hydration,Hydration,Scientific,,,The Geography and Production of Cement/concrete,Exothermic Chemical Reaction,"An irreversible, exothermic chemical reaction where cement consumes water to form a solid structural matrix. In massive architectural elements, hydration heat can cause thermal cracking if external cooling outpaces the internal core. The primary reaction dictating early strength is: 2(3CaO * SiO2) + 6H2O -> 3CaO * 2SiO2 * 3H2O + 3Ca(OH)2.",,
CSH_Gel,Calcium Silicate Hydrate (C-S-H) Gel,Scientific,,,Concrete as an Architectural Material,Structural Binder,"The primary structural binder, constituting 50 to 60 percent of hydrated paste volume. It is an amorphous nanoscale gel providing cohesion through ionic bonds and van der Waals forces. Its internal structure dictates water retention, which directly influences macro-scale structural shrinkage and creep over the building's lifespan.",,
ITZ,Interfacial Transition Zone (ITZ),Scientific,,,Concrete as an Architectural Material,Porous Boundary Region,"A highly porous boundary region, 10 to 50 micrometers wide, located between cement paste and aggregate. Caused by the wall effect, cement particles fail to pack densely against large stones, forming weak, oriented crystals. The ITZ is the structural weak point where microcracks initiate under tensile or bending loads.",,
Carbonation,Carbonation,Scientific,Ecological,,End of Life and Circularity,Chemical Degradation,"A chemical degradation process where atmospheric carbon dioxide diffuses through capillary pores and reacts with calcium hydroxide: CO2 + H2O -> H2CO3, H2CO3 + Ca(OH)2 -> CaCO3 + 2H2O. This reaction drops internal pH below 9.0, destroying the reinforcing steel's passivation layer and causing corrosion and facade spalling.",,
Drying_Shrinkage,Drying Shrinkage,Scientific,Technical,,Concrete as an Architectural Material,Volume Contraction,"A time-dependent volume contraction occurring when unbound capillary water evaporates. The resulting capillary tension pulls pore walls inward. In restrained structural elements, this generates tensile stresses that cause cracking, requiring planned expansion and control joints. At the same time, carbonation allows concrete to naturally reabsorb atmospheric CO₂ during its use and especially after demolition, when the increased exposed surface accelerates the process. Over approximately 100 years, demolished concrete can potentially reabsorb up to 55% of the CO₂ originally released during clinker production.",,
Creep,Creep,Scientific,Technical,,Concrete as an Architectural Material,Continuous Deformation,Continuous macroscopic deformation under sustained compressive stress. It is caused by the expulsion of bound water from C-S-H gel and the structural realignment of nanoparticles. Creep causes long-span floor sagging but passively dissipates localized stress concentrations to prevent brittle failure.,,
SCMs,Supplementary Cementitious Materials (SCMs),Scientific,Ecological,,Environmental Costs,Industrial Byproducts,"Industrial byproducts, including fly ash, slag, and silica fume, that replace Portland cement to lower embodied carbon. They react with calcium hydroxide to produce secondary C-S-H gel. This densifies the pore structure and increases resistance to weathering and chloride penetration. By reducing the amount of clinker required, SCMs can significantly lower the CO₂ emissions associated with cement production. However, the future availability of traditional SCMs such as fly ash and blast furnace slag may decrease as coal-fired power generation and fossil-fuel-intensive steel production decline.",,
RCA,Recycled Concrete Aggregate (RCA),Scientific,Ecological,,End of Life and Circularity,Demolition Material,Crushed demolition concrete comprising original stone and porous attached mortar. It introduces a mechanically weaker double ITZ into the composite. The attached mortar allows for active carbon sequestration via accelerated carbonation prior to mixing.,,
Superplasticizers,Superplasticizers (PCE),Scientific,,,Concrete as an Architectural Material,Chemical Admixtures,"Chemical admixtures enabling highly fluid, self-consolidating concrete (SCC) without increasing water content. Comb-like polymers separate cement particles via electrostatic repulsion and steric hindrance. This enables complex architectural casting and ultra-high-performance concrete (UHPC) formulation.",,
Calcium_Hydroxide,Calcium Hydroxide (CH / Portlandite),Scientific,,,Origins of Cement: From Lime to Portland Cement,Crystalline Byproduct,"A crystalline hydration byproduct occupying up to 25% of the paste volume. It provides minimal structural strength but maintains an alkaline environment (pH 12.5 to 13.5), preserving the passive oxide layer on reinforcing steel.",,
ASR,Alkali-Silica Reaction (ASR),Scientific,,,End of Life and Circularity,Swelling Reaction,"A swelling reaction between reactive aggregate silica and alkaline cement paste. It produces a hygroscopic gel that absorbs moisture, expands, and causes structural map-cracking across architectural surfaces.",,
LC3,Limestone Calcined Clay Cement (LC3),Scientific,Ecological,,Future of Cement and Concrete,Low-Emission Binder,A low-emission binder replacing up to 50% of clinker with calcined clay and limestone. It matches ordinary Portland cement strength and cuts CO2 emissions by 40%.,,
Capillary_Porosity,Capillary Porosity,Scientific,,,Concrete as an Architectural Material,Void Network,"The void network formed when excess mixing water evaporates. High connectivity increases permeability to water and chlorides, impacting the weathering rate and thermal mass efficiency of the building envelope.",,
Alite,Alite (C3S),Scientific,,,Origins of Cement: From Lime to Portland Cement,Reactive Clinker Phase,A highly reactive clinker phase dictating early strength development from 1 to 28 days. It enables rapid formwork removal in construction scheduling.,,
Belite,Belite (C2S),Scientific,,,Origins of Cement: From Lime to Portland Cement,Slow-Reacting Phase,A slow-reacting clinker phase that generates minimal heat. It drives continuous structural densification and strength gains over months or years.,,
DEF,Delayed Ettringite Formation (DEF),Scientific,,,End of Life and Circularity,Internal Sulfate Attack,"An internal sulfate attack occurring when initial curing temperatures exceed 65°C. Sulfates trapped in the gel crystallize years later upon moisture exposure, expanding and fracturing the concrete matrix.",,
Chloride_Ingress,Chloride Ingress,Scientific,Ecological,,End of Life and Circularity,Chemical Diffusion,"The diffusion of de-icing salts or marine chlorides into pores. Chlorides catalytically puncture the steel reinforcement's oxide layer without lowering global pH, causing rapid, localized pitting corrosion.",,
Geopolymers,Geopolymers (Alkali-Activated Materials),Scientific,Ecological,,Future of Cement and Concrete,Cement-Free Binders,"Cement-free binders formed by activating aluminosilicate sources with highly alkaline liquids. They provide high acid and heat resistance for specialized architectural applications. Geopolymers can also reduce the environmental impact of cement production by replacing conventional Portland cement and clinker with alternative binder materials, including waste-derived resources. Their development therefore connects alternative cement chemistry with the reduction of CO₂ emissions and the reuse of industrial and construction waste streams.",,
Passive_Oxide_Layer,Passive Oxide Layer,Scientific,,,Concrete as an Architectural Material,Protective Film,A microscopic protective film on reinforcing steel maintained by the cement paste's high pH. Degradation of this layer via carbonation or chlorides initiates structural corrosion.,,
Portland_Cement,Invention of Portland Cement,Geopolitical and Economic,Historical,,,Portland Cement,"Portland cement emerged during the British Industrial Revolution, when rapidly expanding cities, factories, ports, canals, and railways created demand for a hydraulic binder that was stronger and more predictable than traditional lime mortars. 
 
 In 1824, Joseph Aspdin, a bricklayer from Leeds, patented a material he called Portland cement. The name referred to the prestigious Portland stone quarried on the Isle of Portland in England, which the hardened material was said to resemble. Aspdin’s original product was somewhat different from modern Portland cement; the higher-temperature production processes associated with contemporary cement developed during the following decades. 
 
 Portland cement also benefited from economic pressures affecting competing materials. Concerns over shortages of raw materials used for Roman cement, together with the introduction of protective taxes, weakened the position of existing producers. Aspdin himself argued to the British government that such measures would become unnecessary because Portland cement would eventually make competing cements obsolete. Its lower price per unit of strength, increasing availability, and the consequences of a widely publicized construction failure at London’s Euston in 1848 further undermined Roman cement’s dominance. 
 
 The invention therefore needs to be understood not only technologically, but economically and geographically. Britain already possessed: 
 
 large coal supplies, 
 
 mechanized manufacturing, 
 
 rapidly expanding railway and canal networks, 
 
 concentrated urban markets, 
 
 major public and private infrastructure investment. 
 
 Portland cement emerged within an existing network of energy + extraction + transportation + capital. 
 
 Countries without such developed networks faced similar pressures as they industrialized. Industrialization demanded, in the minimum possible time and at relatively low cost, the construction of large industrial buildings with open spaces for mass-production lines; multi-storey and fire-resistant buildings capable of holding machinery, goods, and workers; harbours, docks, jetties, and quays for the circulation of raw materials and manufactured products; railway and highway bridges; and healthier housing for rapidly growing rural and industrial populations. 
 
 Cement increasingly became the material through which these new industrial territories could be constructed.",,1824
Imperial_Power,Cement Infrastructure and Imperial Power,Geopolitical and Economic,,,,Colonial Structures and Urban Planning,"During the second half of the nineteenth century, Portland cement became increasingly connected to the expansion of the industrial state. 
 
 It was particularly useful for the construction of: 
 
 ports → docks → sewers → bridges → railways → military installations → factories 
 
 Nineteenth-century developments in hydraulic lime and cement were closely associated with engineering, transportation, and military works, while large-scale commercial production of Portland cement expanded toward the end of the century. (Global colonial possessions and transportation networks, 1901. Railways, ports, canals and steamship routes connected inland territories to international trade networks, demonstrating how infrastructure facilitated the economic and administrative integration of colonial territories. Source: Jacques W. Redway, Natural Advanced Geography, 1901.) 
 
 A particularly clear example can be seen during the American colonial occupation of the Philippines. Reinforced concrete became a preferred material for government construction even before Portland cement was manufactured locally. Cement initially entered the islands through regional trade networks, including producers in Japan and elsewhere in Asia. 
 
 Daniel Burnham’s plans for Manila and Baguio demonstrate how urban planning, infrastructure, administrative buildings, and new construction technologies became interconnected within American colonial governance.
 
 Infrastructure, however, was not politically neutral. It allowed governments and empires to organize and control increasingly large territories. A railway was not simply a transportation system: it could connect mines to ports, agricultural regions to export markets, industries to sources of raw materials, and military forces to distant territories. 
 
 Cement consequently became part of an infrastructure of territorial control. Similar processes appeared elsewhere. In the Portuguese colonial context, for example, the Green Island Cement Company Factory was established in Macao in 1886. The movement of cement during this period can therefore be understood approximately as: 
 
 European industrial invention 
 
 ↓ 
 
 imperial engineering systems 
 
 ↓ 
 
 ports and railways 
 
 ↓ 
 
 colonial territories 
 
 ↓ 
 
 local cement industries",,1850
Mass_Production,Mass Production,Geopolitical and Economic,,,,Rotary Kiln,"The globalization of cement was accelerated by a major technological development: the rotary kiln. 
 
 Frederick Ransome patented a rotary kiln in 1885. Unlike earlier stationary kilns, the rotating system allowed material to move continuously through the firing process. This increased production capacity while improving the uniformity of the resulting clinker. Rotary kilns subsequently became fundamental to industrial cement manufacturing. 
 
 Before 
 
 small plants 
 
 → expensive cement 
 
 → specialized engineering applications 
 
 After 
 
 large continuous kilns 
 
 → economies of scale 
 
 → cheaper cement 
 
 → mass construction 
 
 This technological transformation fundamentally changed the political economy of cement. What had initially been a comparatively expensive material associated with specialized infrastructure could increasingly be produced at a scale and price suitable for ordinary construction. 
 
 As production expanded, Portland cement became increasingly standardized and transferable between regions. Its manufacturing system could be reproduced wherever sufficient raw materials, energy, capital, infrastructure, and construction demand were available.",,1890
WW2,Cement and the Developmental State,Geopolitical and Economic,,,,Ideologies of Concrete,"After the Second World War, cement consumption increased dramatically. 
 
 World cement production grew from roughly 50 million tonnes in 1945 to more than 2.1 billion tonnes by 2004, with particularly rapid expansion between 1945 and 1973. 
 
 The immediate driver was post-war reconstruction. European cities required enormous quantities of material for: 
 
 housing + schools + roads + bridges + factories + power stations 
 
 However, cement soon became associated with something much larger than reconstruction. It became fundamental to the political project of the developmental state. 
 
 Large social-housing programmes and national infrastructure systems required inexpensive materials that could be standardized and reproduced at enormous scales. Concrete suited this political economy extremely well. 
 
 Although the capitalist West and socialist bloc differed radically in their political and economic organization, both relied heavily on concrete. Soviet industrialization similarly placed extraordinary emphasis on heavy industry, prefabrication, infrastructure, and construction as instruments of economic transformation. 
 
 Portland cement therefore became a material shared by very different ideological systems: 
 
 Capitalism built in concrete. 
 
 Socialism built in concrete. 
 
 Postcolonial developmentalism built in concrete. 
 
 Their architectural languages and political systems differed, but the underlying material system was remarkably similar. 
 
 Concrete became associated with the construction of modern states themselves: housing populations, connecting territories, producing electricity, building industries, regulating water, and creating transportation networks.",,1945
Cement_Corporations,Privatization and Multinational Cement Corporations,Geopolitical and Economic,,,,Cement Industries,"From the late twentieth century onward, another transformation took place. 
 
 Cement industries that had previously operated primarily as national or state-owned enterprises were increasingly privatized, acquired, and consolidated into multinational corporations. 
 
 These corporations developed transnational networks of: 
 
 quarries → clinker plants → grinding facilities → distribution terminals 
 
 The scale of consolidation was considerable. According to OECD data, the five largest cement companies controlled only about 9% of the world cement market outside China in 1988, but by 2003 their share had risen to approximately 42%. 
 
 Studies of African markets similarly describe the multinational acquisition of formerly publicly owned cement companies and the development of significant oligopolistic tendencies within regional markets. 
 
 The political economy therefore shifted from: 
 
 national cement industry 
 
 toward: 
 
 transnational ownership of local production systems 
 
 At the same time, the geographical centre of cement production progressively shifted: 
 
 19th century — Britain / Western Europe 
 
 20th century — Europe + USA + USSR + Japan 
 
 21st century — China + India + wider Asia and the Global South 
 
 The geography of cement increasingly became a map of where the world’s largest processes of urbanization and infrastructure construction were taking place.",,1980
Geography,The Geological and Geographical Basis of Cement,Geopolitical and Economic,,,,Local Production,"Despite the globalization of cement corporations, most of the material itself remains strongly connected to local geology. 
 
 Concrete is produced from enormous volumes of relatively inexpensive mineral materials. Transporting these materials over very long distances is often economically inefficient. Cement production therefore develops through a combination of globally standardized technology and locally extracted geology. 
 
 Limestone 
 
 Limestone is the most important raw material for Portland cement. 
 
 It supplies the calcium required to manufacture clinker and is geologically widespread across Europe, China, India, North America, the Middle East, Southeast Asia, North Africa, and many other regions. 
 
 Its widespread availability is one of the reasons cement can be manufactured in so many countries. 
 
 However, limestone is a high-volume, low-value material. Manufacturers therefore generally locate cement kilns next to or very close to limestone quarries, rather than transporting enormous quantities of stone internationally. 
 
 The typical geography is therefore: 
 
 limestone deposit → quarry → crusher → cement works 
 
 rather than: 
 
 limestone-producing country → international export → cement-producing country 
 
 Large cement industries consequently develop where appropriate geological deposits overlap with major construction markets, infrastructure, energy networks, and urbanization. 
 
 Today these conditions are particularly visible in China and India, as well as Vietnam, Türkiye, the United States, Brazil, Egypt, Indonesia, Iran, and many other countries. 
 
 In 2025, cement production was approximately: 
 
 China — 1.7 billion tonnes 
 
 India — 470 million tonnes 
 
 Vietnam — 100 million tonnes 
 
 Türkiye — 89 million tonnes 
 
 The geography of cement production can therefore be understood through the interaction of: 
 
 limestone availability + population + urbanization + infrastructure investment 
 
 Clay and Shale 
 
 Clay and shale provide additional minerals required for clinker production. 
 
 Because they are also relatively inexpensive bulk materials, they are normally sourced close to the cement plant together with limestone. 
 
 A typical spatial arrangement is: 
 
 limestone quarry 
 
 ↓ 
 
 a few kilometres by conveyor/truck 
 
 ↓ 
 
 cement plant 
 
 ↑ 
 
 nearby clay/shale quarry 
 
 The cement plant therefore becomes the centre of a relatively localized mineral extraction system. 
 
 Gypsum 
 
 Gypsum has a slightly different geography. 
 
 Unlike limestone and clay, gypsum is added after the kiln, usually in relatively small quantities when clinker is ground into cement. Its primary purpose is to control how quickly the cement sets. 
 
 Because substantially less gypsum is required than limestone, transporting it over longer distances can make greater economic sense. 
 
 Gypsum deposits are widespread but unevenly distributed. In 2025, major producers included: 
 
 United States — ~20 Mt 
 
 Iran — ~16 Mt 
 
 Oman — ~14 Mt 
 
 China — ~12 Mt 
 
 Spain — ~11 Mt 
 
 Türkiye — ~10 Mt 
 
 Thailand — ~8.7 Mt 
 
 Unlike limestone, gypsum therefore participates more visibly in international mineral trade. 
 
 One important example is the route: 
 
 Oman → India 
 
 Oman exported approximately 12.4 million tonnes of gypsum in 2024, with India as its primary destination. 
 
 [Image: International gypsum trade / Oman–India route] 
 
 Sand 
 
 The geography of concrete expands even further when sand and aggregates are considered. 
 
 Globally, sand is extracted from: 
 
 riverbeds, 
 
 floodplains and terrestrial pits, 
 
 quarries producing manufactured sand, 
 
 lakes, 
 
 marine and offshore deposits. 
 
 Sand and gravel consumption is enormous, reaching approximately 50 billion tonnes per year globally. 
 
 Marine extraction creates particularly visible geographical hotspots. Major dredging activities occur around the North Sea, Southeast Asia, and the east coast of the United States, with approximately 6 billion tonnes of marine sand and other sediment dredged annually. 
 
 Unlike cement, which can travel considerable distances through international shipping networks, sand and aggregate are usually connected much more closely to regional construction markets. 
 
 Aggregates 
 
 Aggregate production consequently forms thousands of comparatively small extraction territories around expanding cities. 
 
 A simplified geography is: 
 
 urban centre 
 
 ↓ 
 
 20–100 km regional supply zone 
 
 ↓ 
 
 sand/gravel pit or crushed-rock quarry 
 
 The precise radius varies significantly according to geology, transportation infrastructure, shipping access, road conditions, land prices, and local regulations. 
 
 However, the economic principle remains important: 
 
 the closer the quarry is to the city, the cheaper the concrete tends to be. 
 
 Concrete is therefore not geopolitically important because its raw materials are exceptionally rare. Its importance comes from the enormous scale at which they are consumed and from the fact that controlling cement and aggregate production means controlling one of the fundamental material systems of urbanization and infrastructure.",,
Carbon,The Contemporary Geopolitics of Cement: Carbon,Geopolitical and Economic,Ecological,,,Carbon Emmissions,"Today Portland cement faces a different geopolitical problem. 
 
 Its historical advantage—its ability to transform abundant limestone into an inexpensive, standardized, and extremely strong binder—also produces one of its greatest environmental problems. 
 
 Cement manufacturing requires extremely high temperatures, traditionally generated largely through fossil fuels. 
 
 More fundamentally, heating limestone chemically releases CO₂ through calcination. 
 
 This means that even if the energy used to operate cement kilns were fully decarbonized, cement production would still produce substantial process emissions. 
 
 For this reason, cement has become one of the particularly difficult industrial sectors to decarbonize. 
 
 Current strategies include: 
 
 material efficiency, 
 
 alternative fuels, 
 
 supplementary cementitious materials, 
 
 alternative binders, 
 
 industrial by-products, 
 
 carbon capture, 
 
 carbon taxation, 
 
 emissions-trading systems, 
 
 green public procurement. 
 
 A new political economy of concrete is therefore emerging around carbon regulation and access to low-carbon technologies. 
 
 The history of Portland cement can consequently be read as a transformation in which locally available geology was converted into globally reproducible architecture and infrastructure. What began as a nineteenth-century industrial technology has become one of the fundamental material systems through which cities, states, and economies are constructed.",,
Labour,Cement Labour: The Human Geography of Concrete,Geopolitical and Economic,,,,Labour Rights and Movements,"The global history of cement is also a history of labour. 
 
 Behind cement plants, quarries, infrastructure projects, and concrete construction are large workforces involved in mineral extraction, processing, transportation, and construction. 
 
 Quarry Labour 
 
 Workers involved in limestone, stone, sand, and aggregate extraction face a number of significant occupational risks: 
 
 silica/mineral dust → silicosis and other respiratory diseases 
 
 blasting + falling rock → traumatic injury or death 
 
 heavy machinery → crushing and collision accidents 
 
 noise + vibration → hearing and musculoskeletal damage 
 
 outdoor work → extreme heat and dehydration 
 
 A particularly well-documented example is Rajasthan, India, where informal sandstone-quarry communities have experienced inadequate access to drinking water, shelter, and first aid alongside serious accident risks and widespread cases of silicosis. 
 
 Workers frequently migrate to quarry areas together with their families, meaning that extraction sites can become not only workplaces but temporary or semi-permanent settlements. 
 
 Construction Labour and Heat 
 
 Concrete construction itself frequently occurs outdoors. 
 
 Workers may operate: 
 
 on exposed slabs 
 
 on roofs 
 
 inside partially completed concrete structures 
 
 around heat-producing machinery 
 
 often with very little shade. 
 
 Climate change is intensifying these already difficult labour conditions. 
 
 Occupational heat exposure can produce heat exhaustion, heatstroke, and death, while prolonged exposure may also contribute to cardiovascular and kidney problems. 
 
 The environmental crisis connected to concrete therefore affects workers twice: first through the emissions generated by the material’s production, and again through increasingly severe climatic conditions on construction sites. 
 
 Migrant Labour 
 
 Concrete construction also depends heavily on migrant workers. 
 
 This is particularly visible in: 
 
 the Gulf States, 
 
 China’s internal migrant labour system, 
 
 Southeast Asian construction economies, 
 
 European migrant construction labour, 
 
 Latin American cities. 
 
 The global concrete economy therefore consists not only of material flows but also of labour flows. 
 
 Labour Organization and Unions 
 
 At the international level, organizations including Building and Wood Workers’ International (BWI), IndustriALL, and the International Trade Union Confederation represent or coordinate workers connected to construction and building-material industries. 
 
 However, unionization remains highly uneven. 
 
 Workers may be employed directly by major cement or construction corporations, through subcontracting systems, informally in extraction industries, or as temporary migrant labour. Their access to labour protections, health care, collective bargaining, and workplace safety consequently varies significantly between countries and regions. 
 
 This labour geography reveals another dimension of Portland cement’s global history. The apparent universality of concrete—its ability to produce similar buildings and infrastructure almost anywhere in the world—depends on highly unequal local conditions of extraction, labour, regulation, and environmental exposure. 
 
 Portland cement therefore connects several geographical systems simultaneously: 
 
 geology → extraction → energy → industry → transport → capital → labour → construction → urbanization 
 
 Turkey's Labour Movements 
 
 TOKİ, short for Toplu Konut İdaresi Başkanlığı (Housing Development Administration of Turkey), is a state institution responsible for developing large-scale housing projects, especially affordable and social housing. It also undertakes major public construction projects, including schools, hospitals, government buildings, and post-disaster reconstruction. After major earthquakes, TOKİ often plays a central role in rebuilding housing and public facilities through large construction tenders. 
 
  
 
 At the TOKİ construction site currently underway in Ünye, Ordu, construction workers employed by a subcontractor launched a protest on-site in September 2026 over wages that had remained unpaid for nearly two months. 
 
 Workers employed in the construction of Fire Brigade Centers in Hatay under a TOKİ tender for the earthquake-affected region protested in August 2026 against violations of their labor rights.",,
Gas_Crisis,Russian Gas Crisis and Its Effects on Cement Production,Geopolitical and Economic,,,,High Cost of Production,"Cement is the most energy-intensive component of concrete. Producing clinker requires kilns to operate at around 1,450°C, so cement plants depend heavily on fuels and electricity. After Russia reduced gas supplies to Europe following the invasion of Ukraine in 2022, natural-gas and electricity prices rose sharply across Europe. 
 
 The impact was strongest in countries with energy-intensive cement industries or high exposure to Russian gas, including Germany, Italy, Poland, Austria, Hungary, Slovakia and the Czech Republic. Countries such as Spain and Turkey were also strongly affected by the wider European energy-price shock, even though their dependence on Russian pipeline gas differed. 
 
 Short-term solutions by the EU: 
 
 • All available sources of electricity generation should be used to boost power supplies. 
 
 • Emergency measures, including energy price caps, should be implemented immediately to relieve energy markets and the reduce prices for both businesses and households. 
 
 • The EU temporary state aid framework adopted in late March 2022 should allow all energy intensive industries to have access to state aid covering 70-80% of eligible costs. Under the existing framework, the cement sector is only eligible for state aid up to 50% of eligible costs, as it does not figure in Annex I of the Framework (which lists the sectors eligible for indirect compensation under the EU ETS Indirect compensation Guidelines). Under the current market conditions, there is no objective justification for such differentiated treatment. 
 
 • Co-processing in cement kilns should be actively encouraged: the use of non-recyclable waste and biomass waste in cement kilns (‘co-processing’) is a readily available solution that reduces reliance on imported fossil fuels and helps decarbonise cement production. It should be supported by targeted measures at the EU level. At a national and local level, authorities should seek to redirect non-recyclable waste and biomass waste towards cement kilns as opposed to landfilling or incineration.",,2022
scale_problem,Scale Problem,Ecological,,,Industrialisation and Global Expansion,Massive Global Comsumption,"Concrete has a relatively low embodied carbon intensity per kilogram compared with materials such as steel and glass. However, around 30 billion tonnes of concrete are consumed globally every year, making the industry responsible for over 7% of global anthropogenic CO₂ emissions. Its enormous scale also drives high consumption of natural resources and freshwater.",,
urban_environment,Urban Environment,Ecological,Sensory,,Concrete as an Architectural Material,Effects on Urban Climate,"The extensive use of concrete changes the physical environment of cities. Impermeable concrete surfaces prevent rainwater from infiltrating the soil, increasing runoff and transporting pollutants into water systems. Concrete can also contribute to the urban heat island effect.",,
carbon_footprint,Carbon Footprint,Ecological,,,Environmental Costs,Emissions across Lifecycle,"Concrete’s environmental impact occurs throughout its life cycle, from raw material extraction and transportation to cement production, concrete batching, construction, use and end-of-life. Cement production is the main CO₂ hotspot, while transportation is generally the second-largest contributor.",,
raw_material_extraction,Raw Material Extraction,Ecological,,,Environmental Costs,Extraction of Finite Resources,"Concrete depends on large quantities of limestone, clay, sand and gravel, most of which are finite geological resources. Cement production requires approximately two tonnes of geological raw materials to produce one tonne of Portland cement. The extraction of these materials causes landscape alteration, dust, noise, water consumption and risks of groundwater contamination.",,
water_consumption,Water Consumption,Ecological,,,Environmental Costs,High Freshwater Demand,"Concrete production uses approximately 1 billion m³ of freshwater every year, making it the highest consumer of freshwater among industries according to the research. This creates particular pressure in dry and land-locked regions where freshwater is scarce. Treated greywater and reclaimed concrete wash water can replace freshwater without negatively affecting concrete strength.",,
physical_pollution,Physical Pollution,Ecological,,,Environmental Costs,"Air, Water and Soil Pollution","Concrete’s life cycle contributes to air, water and soil pollution. Quarrying generates dust and particulate matter, while cement kilns release pollutants such as NOₓ, SO₂ and heavy metals. Concrete wash water can have a pH of 11 to 12, while transportation and demolition also produce dust, noise and vibration.",,
habitat_destruction,Habitat Destruction,Ecological,,,Environmental Costs,Destruction of Natural Habitats,"Extracting limestone, clay, sand and gravel physically alters landscapes and natural habitats. Quarrying removes vegetation and topsoil, while river and marine dredging reshapes riverbeds and coastlines. Coastal sand mining can erode natural dunes, while marine dredging can damage mangroves, coral reefs and seagrass meadows.",,
ecosystems_biodiversity,Ecosystems & Biodiversity,Ecological,,,Environmental Costs,Disrupted Ecosystems and Species,"Concrete-related extraction and urbanisation can disrupt both terrestrial and aquatic ecosystems. River dredging increases water turbidity, reduces sunlight penetration and can damage fish spawning grounds. Limestone quarrying can destroy specialised karst ecosystems, while marine extraction can put pressure on sensitive coastal species and habitats.",,
end_of_life,End of Life,Ecological,,,End of Life and Circularity,Demolition and Disposal,"At the end of its functional life, concrete can be demolished, reused, recycled or processed into new material. It cannot be composted or biodegraded because it is an inorganic and highly durable mineral composite. If it is not reused or recycled, it can remain in the environment indefinitely.",,
recovery,Recovery,Ecological,,,End of Life and Circularity,Recovering Valuable Components,"Recovery aims to separate useful materials from demolished concrete instead of treating the entire material as waste. Technologies such as Advanced Dry Recovery and Heating Air Classification can separate clean aggregates, recycled sand and cement-paste fractions. Mobile processing units can also reduce transport distances and associated emissions.",,
reuse,Reuse,Ecological,,,End of Life and Circularity,Using Components Again,"Concrete elements such as precast panels, structural blocks and load-bearing columns can potentially be salvaged and reused in new projects. Design for Disassembly and modular construction can make direct reuse easier by allowing elements to be dismantled instead of demolished.",,
recycling,Recycling,Ecological,,,End of Life and Circularity,Reprocessing Demolished Concrete,"Demolished concrete is commonly crushed and used as recycled aggregate, but much of it is downcycled into lower-grade applications such as road bases and backfill. Up to 30% of natural aggregates can be substituted with recycled concrete aggregates without compromising the fresh and hardened properties of concrete.",,
waste_streams,Waste Streams,Ecological,,,End of Life and Circularity,Waste as Material Resource,"Industrial, agricultural and construction waste streams can become resources for new concrete. Fly ash, blast furnace slag, silica fume, rice husk ash and reprocessed glass can be used as supplementary cementitious materials, while recycled PET, tyre rubber and waste glass can replace parts of aggregates or fibres.",,
clinker_reduction,Clinker Reduction,Ecological,,,Future of Cement and Concrete,Reducing the Main CO₂ Source,"Portland cement accounts for approximately 80–90% of concrete’s total greenhouse gas emissions, while clinker production represents around 96% of cement-plant CO₂ emissions. Replacing part of the clinker with supplementary cementitious materials such as fly ash, slag, silica fume or recycled cement paste can therefore reduce the carbon footprint.",,
modernising_kilns,Modernising Kilns,Ecological,,,Future of Cement and Concrete,More Efficient Kiln Production,"Cement production requires extremely high temperatures, making kiln efficiency important for reducing energy-related emissions. Modern dry kilns with preheaters and precalciners can reduce emissions compared with older wet kilns, while alternative fuels such as biomass and waste-derived fuels can reduce dependence on fossil fuels.",,
climate_challenge,Climate Challenge,Ecological,,,Future of Cement and Concrete,Concrete under Climate Change,"Climate change affects both the resources available for concrete and its future performance. Increasing drought and water stress can make freshwater harder to access, while the transition away from coal and blast-furnace steel can make traditional supplementary cementitious materials such as fly ash and slag scarcer. At the same time, climate-mitigation infrastructure such as wind, solar and hydropower can itself require large quantities of concrete.",,
Raw_materials,Raw materials of Portland concrete,Technical,,,,Mineral composite,"Portland-cement-based concrete is a composite material made from cement, water, sand and gravel/crushed stones. Cement acts as the binder, while sand and gravel make up most of the concrete. Water starts the hydration process, which allows the cement paste to harden and bind the aggregates together. Portland cement is mainly produced from limestone, clay and other mineral materials. Limestone provides calcium, while clay and other materials provide silica, aluminium and iron. These materials are processed and heated to form clinker, which is then ground with gypsum to produce cement. In short:
 Limestone + clay + minerals → clinker → cement + water + sand + gravel → concrete",,
Processing,Transformation from rock to concrete,Technical,,,,Process,"The material starts in the quarry, where geological materials are extracted. They are then drilled or broken, excavated and transported for crushing and grinding. After grinding, the material is preheated and calcined to produce clinker. The clinker is ground again to make cement.
 
 The cement is then mixed with water and aggregates. The fresh concrete is formed into the desired shape and cured until it becomes hardened concrete.",,
Step_1_Quarring,Step 1: Quarring,Technical,,,,Extracting materials,"The first step is extracting geological materials such as limestone, clay, sand and rock. Heavy machinery is used to remove and transport the material, including excavators, drilling machines, bulldozers, wheel loaders, dump trucks and crushers.
 
 Large pieces of rock are too big to use directly, so they are transported to crushing equipment. This process can produce dust, fine particles and oversized or unusable material. Some mineral fractions can potentially be returned to the process or used elsewhere.",,
Step_2_Crushing,Step 2: Crushing,Technical,,,,Reducing size,"The extracted limestone and other materials are reduced in size. Imagine taking a huge piece of limestone and turning it into something closer to gravel. For this they use machinery like, jaw crushers, impact crushers or hammer crushers. The post quarring process is breaking the rock into smaller pieces before further processing and laboratory analysis.",,
Step_3_Grinding_&_mixing,Step 3: Grinding & mixing,Technical,,,,Raw meal,"After crushing, the materials are ground into a much finer powder, called raw meal. This is necessary because the materials need to react properly at high temperature duing the kiln process. The raw materials are carefully mixed. For this they use machinery like: raw mills, ball mills, vertical roller mills, conveyors and storage silos. The material is continuously monitored because the chemical composition need to be controlled",,
Step_4_Preheating,Step 4: Preheating,Technical,,,,Chemical reactions,"Before entering the kiln, the raw material passes through a preheater tower. Hot gases from the cement production process are used to heat the raw material. This is important because it means the factory can recover and reuse the heat instead of simply throwing it away. The preheater starts the chemical reactions and improves the efficiency of the subsequent kiln firing process.",,
Step_5_Calcination_&_clinker,Step 5: Calcination & clinker,Technical,,,,Energy intensive,"This is the most energy intesive part of the process. The material enters a large rotary kiln. Temepratures reach approximately 1450°C. At these temperatures, the minerals chemically react and form clinker. Clinker looks like small, hard, grey/black stones. This stage is important because you are no longer simply changing the shape of the material, you are changing its chemical composition. That is what makes cement production different from simply crushing stone.",,
Step_6_Cooling_the_clinker,Step 6: Cooling the clinker,Technical,,,,Intermediate product,"The clinker leaves the kiln extremely hot. It is rapidly cooled. This is done using a clinker cooler. The inerstering part is that the hot air generated during cooling can be recovered and returned to the kiln. So instead of wasting all of that heat, it improves the efficiency of the process.",,
Step_7_Final_grinding,Step 7: Final grinding,Technical,,,,Fine powder,The clinker is then ground into an extremely fine powder. Gypsum and sometimes other materials are added. This produces the final cement powder. The cement is then stored in large silos and transported to concrete batching plant or construction sites.,,
Step_8_Making_concrete,Step 8: Making concrete,Technical,,,,Cement to concrete,"To change from cement to concrete, you combine: Cement with water, sand, coarse aggregate and admixtures. The materials are pricesly measured and mixed in a batching plant. The concrete is then transported to the construction site using a concrete mixer truck.",,
Step_9_Forming,Step 9: Forming,Technical,,,,Methods,"Forming is the stage where fresh concrete is shaped. Because fresh concrete is fluid, it can be poured into a mould or formwork and then hardens into that shape.
 
 There are three main forming methods:
 
 1. Cast in place
 Concrete is formed directly on the construction site using formwork, reinforcement, pouring, compaction, finishing and curing. Equipment such as mixer trucks, concrete pumps, vibrators and screeds is used.
 
 2. Precast concrete
 Concrete elements are produced in a factory using moulds and controlled curing. The finished elements are then transported to the building site and usually lifted into place with a crane. This method can be used for structural elements, façades, infrastructure and smaller objects.
 
 3. 3D concrete printing
 Instead of traditional formwork, cement-based material is extruded layer by layer using a robot or printer. A digital model is sliced and translated into printed layers. This allows customized shapes and reduces the need for conventional formwork. The material must be fluid enough to be pumped but stiff enough to support the next layer.",,
Energy,Energy consumed,Technical,Ecological,,,Energy intensive,"Cement production requires a large amount of energy, mainly because of the high temperatures needed to produce clinker. The process uses both thermal energy and electricity. The main energy demand occurs during preheating, calcination and clinker production, where the material reaches around 1,450°C. Other stages, such as extraction, crushing, grinding, concrete production and transport, mainly use diesel or electricity. Traditionally, the thermal energy comes from coal, petroleum coke and natural gas, but cement plants increasingly use waste-derived fuels, biomass and alternative fuels. Overall, energy is used throughout the complete process, from extraction of raw materials to the transport and installation of the final concrete.",,
Construction_cement,Concrete objects,Technical,,,,Comon applications,"Concrete is widely used in buildings, infrastructure and architectural products, including foundations, columns, beams, floors, bridges, tunnels, paving and furniture.",,
Different_types,Differrent types of Portland cement,Technical,,,,NEN-EN 197-1,"There are different types of Portland cement, and the cement is selected according to the required strength, durability, setting time, heat development and environmental exposure. In Europe, cement is classified according to NEN-EN 197-1. CEM I is Portland cement and contains a high proportion of Portland clinker. It is used for general and structural concrete applications. CEM II is Portland composite cement, which combines Portland clinker with other main constituents such as limestone, fly ash or pozzolanic materials. These materials can change the properties of the cement and reduce the amount of Portland clinker required. CEM III is blast furnace slag cement, which contains a significant proportion of blast furnace slag and can be useful where durability and lower heat development are important. CEM IV is pozzolanic cement, which combines Portland clinker with pozzolanic materials that contribute to the cementitious matrix. CEM V is composite cement, which combines Portland clinker with multiple supplementary constituents such as blast furnace slag and pozzolanic materials.",,
Applications,Different applications,Technical,,,,Properties,"Concrete is used in many different types of construction because its properties can be adjusted to the requirements of a project. By changing the cement or binder, aggregated, water cement ratio, admixtures and reinforcement, different types of concrete can be produced. Concrete has a high compressive strength, is durable and can be cast into many different shapes. It can therefore be used for both simple elements such as paving stoned and highly engineered structured such as bridged, tunnels and high-rise buildings.",,
Formability,Formability,Technical,,,,Advantages,"One of the important advantages of concrete is that it starts as a relatively fluid material. It can therefore be poured into moulds and later hardens into the desired shape. This makes it possible to create simple structural elements as well as complex architectural forms. 
 New production techniques such as 3D concrete printin expand this freedom even further. In the netherland, 3D printed concrete had already been used for houses, stairs, birdges and other elements. Concrete is therefore more than a single construction material. It can be strucutal, protective, architectural and functional at the same time. Its properties can be modified to meet different requirements, from lightweight renovation elements to massive infrastructure. New techniques such as precast production, ultra high performance concrete and 3D printing continue to expand the possible applications of concrete.",,
Waste,Waste,Technical,Ecological,,,Waste streams,"Waste is generated at different stages of the concrete process. In the quarry, this includes overburden and soil, unsuitable rock, dust and fine particles. In the cement factory, waste can include kiln and filter dust, material losses and off-specification material. At the concrete plant, returned concrete, wash water, unused concrete and aggregate losses can occur. During construction, waste can come from concrete leftovers, damaged or rejected elements and cutting or drilling. At the demolition stage, the main waste stream is concrete rubble. However, this can be processed into betongranulaat, which can be used as a secondary raw material and partially replace primary aggregates such as gravel in new concrete.",,
Industrial_byproducts,Industrial by-products,Technical,Ecological,,,Materials from other industries,"Waste does not always mean useless. Some industrial by-products and construction waste can be processed and used again as raw materials for cement or concrete. Materials such as GGBS, fly ash and silica fume come from other industrial processes, while recycled concrete aggregate (RCA) and recycled steel can be recovered from demolished or reinforced concrete. These materials can be used to replace part of the Portland cement, clinker or natural aggregates, turning waste streams into useful resources. These are called: Supplementary Cementitious Materials — SCMs",,
Reducing_waste,Reducing waste,Technical,Ecological,,,Environmental impact,"The most important environmental issue is the production of clinker (heated lime stone on high temperature). This is why reducing clinker content is one of the major strategies for reducing the environmental impact of cement and concrete. One alternative is calcined clay. Betonhuis reports that Portland clinker production has an estimated CO2 emission of around 800 kg CO2 per tonne, while calcined clay is around 330 kg CO2 per tonne. Calcined clay can therefore replace part of the clinker and significantly reduce the environmental impact of cement. Other alternatives include blast furnace slag and other supplementary cementitious materials. It van have an even lower production related CO2 impact, although its availability is limited. 
 Another approach is recycling the concrete itself. Demolished concrete can be crushed, screened and cleaned and used as recycled aggregate in new concrete (RCA). Dutch concrete sector aims to recycle 100% of concrete released from old structured as a raw material for new concrete by 2030.",,
Recovery,End of life,Technical,Ecological,,,"Reuse, recycle, composted or biodegraded","What happens to concrete at end of life. Imagine a concrete building reaches the end of its life. The building is demolished, what happens to all that concrete? It doesn’t simply disappear, it becomes concrete demolition waste. First option is reuse, where concrete elements such as precast slabs or façade panels are carefully removed and used in another building. Second option is recycling (downcyclling). If the concrete cannot be reused as a complete element, it can be crushed into recycled concrete aggregate (RCA). This can be used for road base, fill, sub-base, landscaping and some new concrete applications. Recycling concrete has technical challenges. Materials such as brick, wood, glass, plastic and asphalt need to be separated, while reinforcement steel also needs to be removed. Old cement paste attached to the aggregate can affect water absorption, density, workability, strength and durability. The quality of recycled material can also differ depending on the demolition source. Concrete can be reused, crushed and reused or downcycled, but it cannot be composted or biodegraded. Although concrete can deteriorate through cracking, freeze, chemical attack, carbonation, chloride penetration and reinforcement corrosion, this is not the same as biodegradation.",,