Section,Node_ID
Introduction,Central_Node
Origins of Cement,Early_Lime-Based_Binders
Origins of Cement,Decline_of_cementious_knowledge
Origins of Cement,increased_demand_for_lime_mortar
Origins of Cement,Roman_Cement''_/_Natural_cement
Origins of Cement,Proto-portland_ara
Industrialisation and Global Expansion,International_expansion
Industrialisation and Global Expansion,Industrialisation
Industrialisation and Global Expansion,Imperial_Power
Industrialisation and Global Expansion,WW2
Industrialisation and Global Expansion,scale_problem
Production of Cement and Concrete,Process
Production of Cement and Concrete,Step_1_Quarring
Production of Cement and Concrete,Step_2_Crushing
Production of Cement and Concrete,Step_3_Grinding_&_mixing
Production of Cement and Concrete,Step_4_Preheating
Production of Cement and Concrete,Step_5_Calcination_&_clinker
Production of Cement and Concrete,Calcination_Reaction
Production of Cement and Concrete,Step_6_Cooling_the_clinker
Production of Cement and Concrete,Step_7_Final_grinding
Production of Cement and Concrete,Step_8_Making_concrete
Production of Cement and Concrete,Water_Cement_Ratio
Production of Cement and Concrete,Hydration
Production of Cement and Concrete,Alite
Production of Cement and Concrete,Belite
Production of Cement and Concrete,Calcium_Hydroxide
Production of Cement and Concrete,CSH_Gel
Production of Cement and Concrete,Step_9_Forming
Production of Cement and Concrete,Applications
Production of Cement and Concrete,Finishing
Sensory Experience of Concrete,Tactile_Qualities
Sensory Experience of Concrete,Reflectivity
Sensory Experience of Concrete,Spatial_Perception
Sensory Experience of Concrete,Architectural_Environment
Sensory Experience of Concrete,Visual_Weight
Sensory Experience of Concrete,urban_environment
Sensory Experience of Concrete,Labour
"Labor, Power and Geopolitics",Gas_Crisis
"Labor, Power and Geopolitics",Geography
Environmental Impacts,carbon_footprint
Environmental Impacts,Carbonation
Environmental Impacts,SCMs
Environmental Impacts,raw_material_extraction
Environmental Impacts,ecosystems_biodiversity
Environmental Impacts,Transformation
End-of-Life and Circularity,ASR
End-of-Life and Circularity,DEF
End-of-Life and Circularity,Chloride_Ingress
End-of-Life and Circularity,reducing_waste
End-of-Life and Circularity,reuse
End-of-Life and Circularity,recycling
Future of Cement and Concrete,climate_challenge
Future of Cement and Concrete,Alternative_(non-portland)cements
Future of Cement and Concrete,clinker_reduction
Future of Cement and Concrete,Geopolymers
Future of Cement and Concrete,LC3
Conclusion,Central_Node